{"__symbolic":"module","version":1,"metadata":{"TEMPLATE_TRANSFORMS":{"__symbolic":"new","expression":{"__symbolic":"reference","module":"@angular/core","name":"OpaqueToken"},"arguments":["TemplateTransforms"]},"TemplateParser":{"__symbolic":"class","decorators":[{"__symbolic":"call","expression":{"__symbolic":"reference","module":"@angular/core","name":"Injectable"}}],"members":{"__ctor__":[{"__symbolic":"constructor","parameterDecorators":[null,null,null,null,[{"__symbolic":"call","expression":{"__symbolic":"reference","module":"@angular/core","name":"Optional"}},{"__symbolic":"call","expression":{"__symbolic":"reference","module":"@angular/core","name":"Inject"},"arguments":[{"__symbolic":"reference","name":"TEMPLATE_TRANSFORMS"}]}]],"parameters":[{"__symbolic":"reference","module":"../expression_parser/parser","name":"Parser"},{"__symbolic":"reference","module":"../schema/element_schema_registry","name":"ElementSchemaRegistry"},{"__symbolic":"reference","module":"../i18n/i18n_html_parser","name":"I18NHtmlParser"},{"__symbolic":"reference","module":"../private_import_core","name":"Console"},{"__symbolic":"reference","name":"Array","arguments":[{"__symbolic":"reference","module":"./template_ast","name":"TemplateAstVisitor"}]}]}],"parse":[{"__symbolic":"method"}],"tryParse":[{"__symbolic":"method"}],"_assertNoReferenceDuplicationOnTemplate":[{"__symbolic":"method"}]}},"splitClasses":{"__symbolic":"function","parameters":["classAttrValue"],"value":{"__symbolic":"error","message":"Expression form not supported","line":1044,"character":37}}}}