{"__symbolic":"module","version":1,"metadata":{"___core_private__":{"isDefaultChangeDetectionStrategy":{"__symbolic":"reference","module":"./change_detection/constants","name":"isDefaultChangeDetectionStrategy"},"ChangeDetectorStatus":{"__symbolic":"reference","module":"./change_detection/constants","name":"ChangeDetectorStatus"},"CHANGE_DETECTION_STRATEGY_VALUES":{"__symbolic":"reference","module":"./change_detection/constants","name":"CHANGE_DETECTION_STRATEGY_VALUES"},"constructDependencies":{"__symbolic":"reference","module":"./di/reflective_provider","name":"constructDependencies"},"LifecycleHooks":{"__symbolic":"reference","module":"./metadata/lifecycle_hooks","name":"LifecycleHooks"},"LIFECYCLE_HOOKS_VALUES":{"__symbolic":"reference","module":"./metadata/lifecycle_hooks","name":"LIFECYCLE_HOOKS_VALUES"},"ReflectorReader":{"__symbolic":"reference","module":"./reflection/reflector_reader","name":"ReflectorReader"},"CodegenComponentFactoryResolver":{"__symbolic":"reference","module":"./linker/component_factory_resolver","name":"CodegenComponentFactoryResolver"},"AppElement":{"__symbolic":"reference","module":"./linker/element","name":"AppElement"},"AppView":{"__symbolic":"reference","module":"./linker/view","name":"AppView"},"DebugAppView":{"__symbolic":"reference","module":"./linker/view","name":"DebugAppView"},"NgModuleInjector":{"__symbolic":"reference","module":"./linker/ng_module_factory","name":"NgModuleInjector"},"registerModuleFactory":{"__symbolic":"reference","module":"./linker/ng_module_factory_loader","name":"registerModuleFactory"},"ViewType":{"__symbolic":"reference","module":"./linker/view_type","name":"ViewType"},"MAX_INTERPOLATION_VALUES":{"__symbolic":"reference","module":"./linker/view_utils","name":"MAX_INTERPOLATION_VALUES"},"checkBinding":{"__symbolic":"reference","module":"./linker/view_utils","name":"checkBinding"},"flattenNestedViewRenderNodes":{"__symbolic":"reference","module":"./linker/view_utils","name":"flattenNestedViewRenderNodes"},"interpolate":{"__symbolic":"reference","module":"./linker/view_utils","name":"interpolate"},"ViewUtils":{"__symbolic":"reference","module":"./linker/view_utils","name":"ViewUtils"},"VIEW_ENCAPSULATION_VALUES":{"__symbolic":"reference","module":"./metadata/view","name":"VIEW_ENCAPSULATION_VALUES"},"ViewMetadata":{"__symbolic":"reference","module":"./metadata/view","name":"ViewMetadata"},"DebugContext":{"__symbolic":"reference","module":"./linker/debug_context","name":"DebugContext"},"StaticNodeDebugInfo":{"__symbolic":"reference","module":"./linker/debug_context","name":"StaticNodeDebugInfo"},"devModeEqual":{"__symbolic":"reference","module":"./change_detection/change_detection_util","name":"devModeEqual"},"UNINITIALIZED":{"__symbolic":"reference","module":"./change_detection/change_detection_util","name":"UNINITIALIZED"},"ValueUnwrapper":{"__symbolic":"reference","module":"./change_detection/change_detection_util","name":"ValueUnwrapper"},"RenderDebugInfo":{"__symbolic":"reference","module":"./render/api","name":"RenderDebugInfo"},"TemplateRef_":{"__symbolic":"reference","module":"./linker/template_ref","name":"TemplateRef_"},"ReflectionCapabilities":{"__symbolic":"reference","module":"./reflection/reflection_capabilities","name":"ReflectionCapabilities"},"makeDecorator":{"__symbolic":"reference","module":"./util/decorators","name":"makeDecorator"},"DebugDomRootRenderer":{"__symbolic":"reference","module":"./debug/debug_renderer","name":"DebugDomRootRenderer"},"EMPTY_ARRAY":{"__symbolic":"reference","module":"./linker/view_utils","name":"EMPTY_ARRAY"},"EMPTY_MAP":{"__symbolic":"reference","module":"./linker/view_utils","name":"EMPTY_MAP"},"pureProxy1":{"__symbolic":"reference","module":"./linker/view_utils","name":"pureProxy1"},"pureProxy2":{"__symbolic":"reference","module":"./linker/view_utils","name":"pureProxy2"},"pureProxy3":{"__symbolic":"reference","module":"./linker/view_utils","name":"pureProxy3"},"pureProxy4":{"__symbolic":"reference","module":"./linker/view_utils","name":"pureProxy4"},"pureProxy5":{"__symbolic":"reference","module":"./linker/view_utils","name":"pureProxy5"},"pureProxy6":{"__symbolic":"reference","module":"./linker/view_utils","name":"pureProxy6"},"pureProxy7":{"__symbolic":"reference","module":"./linker/view_utils","name":"pureProxy7"},"pureProxy8":{"__symbolic":"reference","module":"./linker/view_utils","name":"pureProxy8"},"pureProxy9":{"__symbolic":"reference","module":"./linker/view_utils","name":"pureProxy9"},"pureProxy10":{"__symbolic":"reference","module":"./linker/view_utils","name":"pureProxy10"},"castByValue":{"__symbolic":"reference","module":"./linker/view_utils","name":"castByValue"},"Console":{"__symbolic":"reference","module":"./console","name":"Console"},"reflector":{"__symbolic":"reference","module":"./reflection/reflection","name":"reflector"},"Reflector":{"__symbolic":"reference","module":"./reflection/reflection","name":"Reflector"},"NoOpAnimationPlayer":{"__symbolic":"reference","module":"./animation/animation_player","name":"NoOpAnimationPlayer"},"AnimationPlayer":{"__symbolic":"reference","module":"./animation/animation_player","name":"AnimationPlayer"},"AnimationSequencePlayer":{"__symbolic":"reference","module":"./animation/animation_sequence_player","name":"AnimationSequencePlayer"},"AnimationGroupPlayer":{"__symbolic":"reference","module":"./animation/animation_group_player","name":"AnimationGroupPlayer"},"AnimationKeyframe":{"__symbolic":"reference","module":"./animation/animation_keyframe","name":"AnimationKeyframe"},"prepareFinalAnimationStyles":{"__symbolic":"reference","module":"./animation/animation_style_util","name":"prepareFinalAnimationStyles"},"balanceAnimationKeyframes":{"__symbolic":"reference","module":"./animation/animation_style_util","name":"balanceAnimationKeyframes"},"flattenStyles":{"__symbolic":"reference","module":"./animation/animation_style_util","name":"flattenStyles"},"clearStyles":{"__symbolic":"reference","module":"./animation/animation_style_util","name":"clearStyles"},"renderStyles":{"__symbolic":"reference","module":"./animation/animation_style_util","name":"renderStyles"},"collectAndResolveStyles":{"__symbolic":"reference","module":"./animation/animation_style_util","name":"collectAndResolveStyles"},"AnimationStyles":{"__symbolic":"reference","module":"./animation/animation_styles","name":"AnimationStyles"},"AnimationOutput":{"__symbolic":"reference","module":"./animation/animation_output","name":"AnimationOutput"},"ANY_STATE":{"__symbolic":"reference","module":"./animation/animation_constants","name":"ANY_STATE"},"DEFAULT_STATE":{"__symbolic":"reference","module":"./animation/animation_constants","name":"DEFAULT_STATE"},"EMPTY_STATE":{"__symbolic":"reference","module":"./animation/animation_constants","name":"EMPTY_STATE"},"FILL_STYLE_FLAG":{"__symbolic":"reference","module":"./animation/animation_constants","name":"FILL_STYLE_FLAG"},"ComponentStillLoadingError":{"__symbolic":"reference","module":"./linker/compiler","name":"ComponentStillLoadingError"},"isPromise":{"__symbolic":"reference","module":"./util/lang","name":"isPromise"}}}}