{"__symbolic":"module","version":1,"metadata":{"Math":{"__symbolic":"error","message":"Reference to a local symbol","line":55,"character":4,"context":{"name":"_global"}},"Date":{"__symbolic":"error","message":"Reference to a local symbol","line":55,"character":4,"context":{"name":"_global"}},"isPresent":{"__symbolic":"function","parameters":["obj"],"value":{"__symbolic":"binop","operator":"&&","left":{"__symbolic":"binop","operator":"!==","left":{"__symbolic":"reference","name":"obj"},"right":{"__symbolic":"reference","name":"undefined"}},"right":{"__symbolic":"binop","operator":"!==","left":{"__symbolic":"reference","name":"obj"},"right":null}}},"isBlank":{"__symbolic":"function","parameters":["obj"],"value":{"__symbolic":"binop","operator":"||","left":{"__symbolic":"binop","operator":"===","left":{"__symbolic":"reference","name":"obj"},"right":{"__symbolic":"reference","name":"undefined"}},"right":{"__symbolic":"binop","operator":"===","left":{"__symbolic":"reference","name":"obj"},"right":null}}},"isBoolean":{"__symbolic":"function","parameters":["obj"],"value":{"__symbolic":"binop","operator":"===","left":{"__symbolic":"error","message":"Expression form not supported","line":87,"character":9},"right":"boolean"}},"isNumber":{"__symbolic":"function","parameters":["obj"],"value":{"__symbolic":"binop","operator":"===","left":{"__symbolic":"error","message":"Expression form not supported","line":91,"character":9},"right":"number"}},"isString":{"__symbolic":"function","parameters":["obj"],"value":{"__symbolic":"binop","operator":"===","left":{"__symbolic":"error","message":"Expression form not supported","line":95,"character":9},"right":"string"}},"isFunction":{"__symbolic":"function","parameters":["obj"],"value":{"__symbolic":"binop","operator":"===","left":{"__symbolic":"error","message":"Expression form not supported","line":99,"character":9},"right":"function"}},"isType":{"__symbolic":"function","parameters":["obj"],"value":{"__symbolic":"call","expression":{"__symbolic":"reference","name":"isFunction"},"arguments":[{"__symbolic":"reference","name":"obj"}]}},"isStringMap":{"__symbolic":"function","parameters":["obj"],"value":{"__symbolic":"binop","operator":"&&","left":{"__symbolic":"binop","operator":"===","left":{"__symbolic":"error","message":"Expression form not supported","line":107,"character":9},"right":"object"},"right":{"__symbolic":"binop","operator":"!==","left":{"__symbolic":"reference","name":"obj"},"right":null}}},"isStrictStringMap":{"__symbolic":"function","parameters":["obj"],"value":{"__symbolic":"binop","operator":"&&","left":{"__symbolic":"call","expression":{"__symbolic":"reference","name":"isStringMap"},"arguments":[{"__symbolic":"reference","name":"obj"}]},"right":{"__symbolic":"binop","operator":"===","left":{"__symbolic":"call","expression":{"__symbolic":"select","expression":{"__symbolic":"reference","name":"Object"},"member":"getPrototypeOf"},"arguments":[{"__symbolic":"reference","name":"obj"}]},"right":{"__symbolic":"call","expression":{"__symbolic":"select","expression":{"__symbolic":"reference","name":"Object"},"member":"getPrototypeOf"},"arguments":[{}]}}}},"isArray":{"__symbolic":"function","parameters":["obj"],"value":{"__symbolic":"call","expression":{"__symbolic":"select","expression":{"__symbolic":"reference","name":"Array"},"member":"isArray"},"arguments":[{"__symbolic":"reference","name":"obj"}]}},"isDate":{"__symbolic":"function","parameters":["obj"],"value":{"__symbolic":"binop","operator":"&&","left":{"__symbolic":"binop","operator":"instanceof","left":{"__symbolic":"reference","name":"obj"},"right":{"__symbolic":"reference","name":"Date"}},"right":{"__symbolic":"pre","operator":"!","operand":{"__symbolic":"call","expression":{"__symbolic":"reference","name":"isNaN"},"arguments":[{"__symbolic":"call","expression":{"__symbolic":"select","expression":{"__symbolic":"reference","name":"obj"},"member":"valueOf"}}]}}}},"serializeEnum":{"__symbolic":"function","parameters":["val"],"value":{"__symbolic":"reference","name":"val"}},"deserializeEnum":{"__symbolic":"function","parameters":["val","values"],"value":{"__symbolic":"reference","name":"val"}},"resolveEnumToken":{"__symbolic":"function","parameters":["enumValue","val"],"value":{"__symbolic":"index","expression":{"__symbolic":"reference","name":"enumValue"},"index":{"__symbolic":"reference","name":"val"}}},"RegExp":{"__symbolic":"error","message":"Reference to a local symbol","line":55,"character":4,"context":{"name":"_global"}},"looseIdentical":{"__symbolic":"function","parameters":["a","b"],"value":{"__symbolic":"binop","operator":"||","left":{"__symbolic":"binop","operator":"===","left":{"__symbolic":"reference","name":"a"},"right":{"__symbolic":"reference","name":"b"}},"right":{"__symbolic":"binop","operator":"&&","left":{"__symbolic":"binop","operator":"&&","left":{"__symbolic":"binop","operator":"&&","left":{"__symbolic":"binop","operator":"===","left":{"__symbolic":"error","message":"Expression form not supported","line":287,"character":20},"right":"number"},"right":{"__symbolic":"binop","operator":"===","left":{"__symbolic":"error","message":"Expression form not supported","line":287,"character":45},"right":"number"}},"right":{"__symbolic":"call","expression":{"__symbolic":"reference","name":"isNaN"},"arguments":[{"__symbolic":"reference","name":"a"}]}},"right":{"__symbolic":"call","expression":{"__symbolic":"reference","name":"isNaN"},"arguments":[{"__symbolic":"reference","name":"b"}]}}}},"getMapKey":{"__symbolic":"function","parameters":["value"],"value":{"__symbolic":"reference","name":"value"}},"normalizeBlank":{"__symbolic":"function","parameters":["obj"],"value":{"__symbolic":"if","condition":{"__symbolic":"call","expression":{"__symbolic":"reference","name":"isBlank"},"arguments":[{"__symbolic":"reference","name":"obj"}]},"thenExpression":null,"elseExpression":{"__symbolic":"reference","name":"obj"}}},"normalizeBool":{"__symbolic":"function","parameters":["obj"],"value":{"__symbolic":"if","condition":{"__symbolic":"call","expression":{"__symbolic":"reference","name":"isBlank"},"arguments":[{"__symbolic":"reference","name":"obj"}]},"thenExpression":false,"elseExpression":{"__symbolic":"reference","name":"obj"}}},"isJsObject":{"__symbolic":"function","parameters":["o"],"value":{"__symbolic":"binop","operator":"&&","left":{"__symbolic":"binop","operator":"!==","left":{"__symbolic":"reference","name":"o"},"right":null},"right":{"__symbolic":"binop","operator":"||","left":{"__symbolic":"binop","operator":"===","left":{"__symbolic":"error","message":"Expression form not supported","line":305,"character":24},"right":"function"},"right":{"__symbolic":"binop","operator":"===","left":{"__symbolic":"error","message":"Expression form not supported","line":305,"character":51},"right":"object"}}}},"isPrimitive":{"__symbolic":"function","parameters":["obj"],"value":{"__symbolic":"pre","operator":"!","operand":{"__symbolic":"call","expression":{"__symbolic":"reference","name":"isJsObject"},"arguments":[{"__symbolic":"reference","name":"obj"}]}}},"hasConstructor":{"__symbolic":"function","parameters":["value","type"],"value":{"__symbolic":"binop","operator":"===","left":{"__symbolic":"select","expression":{"__symbolic":"reference","name":"value"},"member":"constructor"},"right":{"__symbolic":"reference","name":"type"}}},"escape":{"__symbolic":"function","parameters":["s"],"value":{"__symbolic":"error","message":"Reference to a local symbol","line":55,"character":4,"context":{"name":"_global"}}},"escapeRegExp":{"__symbolic":"function","parameters":["s"],"value":{"__symbolic":"error","message":"Expression form not supported","line":402,"character":19}}}}